n,time,nodes,depth,n_solutions_tree,n_total_solutions,nodes_first_solution,depth_first_solution,time_detect,time_binary_search,time_grover
10,0,133,10,0,0,0,0,0.023393,0.731168,0.000247296
10,0,97,8,0,0,0,0,0.0199392,0.501023,0.000247296
10,0,83,7,0,0,0,0,0.0184382,0.501023,0.000247296
10,0,145,10,0,0,0,0,0.0244291,0.731168,0.000247296
10,0,147,10,0,0,0,0,0.0245976,0.731168,0.000247296
10,0,111,9,0,0,0,0,0.0213353,0.501023,0.000247296
10,0,107,10,0,0,0,0,0.0209459,0.501023,0.000247296
10,0,99,10,0,0,0,0,0.0201446,0.501023,0.000247296
10,0,137,10,0,0,0,0,0.0237434,0.731168,0.000247296
10,0,111,9,0,0,0,0,0.0213353,0.501023,0.000247296
10,0,115,10,0,0,0,0,0.0217177,0.501023,0.000247296
10,0,157,10,0,0,0,0,0.0254232,0.731168,0.000247296
10,0,151,10,0,0,0,0,0.0249311,0.731168,0.000247296
10,0,139,10,0,0,0,0,0.0239166,0.731168,0.000247296
10,0,181,9,0,0,0,0,0.0273033,0.731168,0.000247296
10,0,189,10,0,0,0,0,0.027902,0.731168,0.000247296
10,0,115,10,0,0,0,0,0.0217177,0.501023,0.000247296
10,0,153,10,0,0,0,0,0.0250962,0.731168,0.000247296
10,0,95,8,0,0,0,0,0.0197318,0.501023,0.000247296
10,0,171,9,0,0,0,0,0.0265361,0.731168,0.000247296
10,0,159,10,0,0,0,0,0.0255851,0.731168,0.000247296
10,0,101,10,0,0,0,0,0.0203478,0.501023,0.000247296
10,0,219,9,0,0,0,0,0.0300412,0.731168,0.000247296
10,0,121,8,0,0,0,0,0.0222792,0.501023,0.000247296
10,0,121,9,0,0,0,0,0.0222792,0.501023,0.000247296
10,0,125,10,0,0,0,0,0.022676,0.501693,0.000247296
10,0,179,10,0,0,0,0,0.0271516,0.731168,0.000247296
10,0,145,10,0,0,0,0,0.0244291,0.731168,0.000247296
10,0,85,9,0,0,0,0,0.01866,0.501023,0.000247296
10,0,89,8,0,0,0,0,0.0190959,0.501023,0.000247296
11,0,183,11,0,0,0,0,0.0287982,0.84382,0.000349729
11,0,155,11,0,0,0,0,0.0264971,0.84382,0.000349729
11,0,169,10,0,0,0,0,0.0276715,0.84382,0.000349729
11,0,149,11,0,0,0,0,0.0259776,0.84382,0.000349729
11,0,153,9,0,0,0,0,0.0263251,0.84382,0.000349729
11,0,107,10,0,0,0,0,0.0219722,0.57826,0.000349729
11,0,151,11,0,0,0,0,0.0261519,0.84382,0.000349729
11,0,199,11,0,0,0,0,0.0300343,0.84382,0.000349729
11,0,159,11,0,0,0,0,0.0268379,0.84382,0.000349729
11,0,121,11,0,0,0,0,0.0234018,0.579033,0.000349729
11,0,179,10,0,0,0,0,0.0284809,0.84382,0.000349729
11,0,221,11,0,0,0,0,0.0316555,0.84382,0.000349729
11,0,183,10,0,0,0,0,0.0287982,0.84382,0.000349729
11,0,171,10,0,0,0,0,0.0278353,0.84382,0.000349729
11,0,163,9,0,0,0,0,0.0271744,0.84382,0.000349729
11,0,193,10,0,0,0,0,0.0295768,0.84382,0.000349729
11,0,107,11,0,0,0,0,0.0219722,0.57826,0.000349729
11,0,121,11,0,0,0,0,0.0234018,0.579033,0.000349729
11,0,79,11,0,0,0,0,0.0188683,0.57826,0.000349729
11,0,145,11,0,0,0,0,0.0256255,0.84382,0.000349729
11,0,189,10,0,0,0,0,0.0292679,0.84382,0.000349729
11,0,123,11,0,0,0,0,0.0235951,0.579033,0.000349729
11,0,173,11,0,0,0,0,0.0279981,0.84382,0.000349729
11,0,247,11,0,0,0,0,0.0334705,0.84382,0.000349729
11,0,149,11,0,0,0,0,0.0259776,0.84382,0.000349729
11,0,159,11,0,0,0,0,0.0268379,0.84382,0.000349729
11,0,193,11,0,0,0,0,0.0295768,0.84382,0.000349729
11,0,127,11,0,0,0,0,0.023977,0.579033,0.000349729
11,0,181,11,0,0,0,0,0.02864,0.84382,0.000349729
11,0,203,11,0,0,0,0,0.0303355,0.84382,0.000349729
12,0,243,12,0,0,0,0,0.0346776,0.961745,0.000494592
12,0,185,10,0,0,0,0,0.0302468,0.961745,0.000494592
12,0,277,12,0,0,0,0,0.0370298,1.38889,0.000494592
12,0,215,12,0,0,0,0,0.0326136,0.961745,0.000494592
12,0,191,12,0,0,0,0,0.0307347,0.961745,0.000494592
12,0,367,12,0,0,0,0,0.0426925,1.39074,0.000494592
12,0,135,9,0,0,0,0,0.0258261,0.961745,0.000494592
12,0,211,12,0,0,0,0,0.032308,0.961745,0.000494592
12,0,219,12,0,0,0,0,0.0329164,0.961745,0.000494592
12,0,285,12,0,0,0,0,0.0375619,1.38889,0.000494592
12,0,161,10,0,0,0,0,0.0282112,0.961745,0.000494592
12,0,109,12,0,0,0,0,0.023198,0.659999,0.000494592
12,0,459,12,0,0,0,0,0.0477546,1.39074,0.000494592
12,0,161,12,0,0,0,0,0.0282112,0.961745,0.000494592
12,0,485,12,0,0,0,0,0.0490909,1.39074,0.000494592
12,0,257,11,0,0,0,0,0.0356649,1.38889,0.000494592
12,0,163,11,0,0,0,0,0.0283864,0.961745,0.000494592
12,0,229,11,0,0,0,0,0.0336614,0.961745,0.000494592
12,0,297,12,0,0,0,0,0.0383463,1.38889,0.000494592
12,0,157,12,0,0,0,0,0.0278575,0.961745,0.000494592
12,0,307,12,0,0,0,0,0.0389879,1.38889,0.000494592
12,0,293,12,0,0,0,0,0.0380866,1.38889,0.000494592
12,0,201,11,0,0,0,0,0.0315312,0.961745,0.000494592
12,0,169,10,0,0,0,0,0.0289056,0.961745,0.000494592
12,0,237,12,0,0,0,0,0.0342457,0.961745,0.000494592
12,0,333,12,0,0,0,0,0.0406087,1.38889,0.000494592
12,0,201,10,0,0,0,0,0.0315312,0.961745,0.000494592
12,0,227,12,0,0,0,0,0.0335137,0.961745,0.000494592
12,0,135,12,0,0,0,0,0.0258261,0.961745,0.000494592
12,0,361,12,0,0,0,0,0.0423414,1.39074,0.000494592
13,0,273,12,0,0,0,0,0.0382653,1.56639,0.000699459
13,0,229,12,0,0,0,0,0.0350393,1.08472,0.000699459
13,0,415,12,0,0,0,0,0.0472614,1.56849,0.000699459
13,0,159,12,0,0,0,0,0.029183,1.08472,0.000699459
13,0,431,12,0,0,0,0,0.0481654,1.56849,0.000699459
13,0,177,11,0,0,0,0,0.0307952,1.08472,0.000699459
13,0,321,13,0,0,0,0,0.0415556,1.56849,0.000699459
13,0,183,11,0,0,0,0,0.0313142,1.08472,0.000699459
13,0,221,12,0,0,0,0,0.0344203,1.08472,0.000699459
13,0,409,13,0,0,0,0,0.0469179,1.56849,0.000699459
13,0,205,12,0,0,0,0,0.0331479,1.08472,0.000699459
13,0,323,13,0,0,0,0,0.0416851,1.56849,0.000699459
13,0,393,13,0,0,0,0,0.0459893,1.56849,0.000699459
13,0,177,10,0,0,0,0,0.0307952,1.08472,0.000699459
13,0,219,12,0,0,0,0,0.0342638,1.08472,0.000699459
13,0,253,13,0,0,0,0,0.0368339,1.08472,0.000699459
13,0,329,12,0,0,0,0,0.0420713,1.56849,0.000699459
13,0,361,13,0,0,0,0,0.0440738,1.56849,0.000699459
13,0,125,8,0,0,0,0,0.0258661,0.744434,0.000699459
13,0,159,12,0,0,0,0,0.029183,1.08472,0.000699459
13,0,221,13,0,0,0,0,0.0344203,1.08472,0.000699459
13,0,353,12,0,0,0,0,0.0435818,1.56849,0.000699459
13,0,231,12,0,0,0,0,0.0351923,1.08472,0.000699459
13,0,321,12,0,0,0,0,0.0415556,1.56849,0.000699459
13,0,363,11,0,0,0,0,0.0441959,1.56849,0.000699459
13,0,313,11,0,0,0,0,0.0409787,1.56639,0.000699459
13,0,237,12,0,0,0,0,0.0356475,1.08472,0.000699459
13,0,373,11,0,0,0,0,0.0448017,1.56849,0.000699459
13,0,149,10,0,0,0,0,0.0282478,1.08472,0.000699459
13,0,329,13,0,0,0,0,0.0420713,1.56849,0.000699459
14,0,507,13,0,0,0,0,0.0542223,1.75323,0.000989184
14,0,505,14,0,0,0,0,0.054115,1.75323,0.000989184
14,0,455,14,0,0,0,0,0.051362,1.75323,0.000989184
14,0,497,13,0,0,0,0,0.053684,1.75323,0.000989184
14,0,199,14,0,0,0,0,0.0338939,1.21254,0.000989184
14,0,559,13,0,0,0,0,0.0569392,2.51608,0.000989184
14,0,563,14,0,0,0,0,0.0571429,2.51608,0.000989184
14,0,267,12,0,0,0,0,0.0392732,1.75089,0.000989184
14,0,571,14,0,0,0,0,0.057548,2.51608,0.000989184
14,0,405,14,0,0,0,0,0.048453,1.75323,0.000989184
14,0,541,14,0,0,0,0,0.0560136,2.51608,0.000989184
14,0,315,12,0,0,0,0,0.0427217,1.75323,0.000989184
14,0,171,10,0,0,0,0,0.031413,1.21254,0.000989184
14,0,219,14,0,0,0,0,0.0355604,1.21254,0.000989184
14,0,343,14,0,0,0,0,0.0445836,1.75323,0.000989184
14,0,207,11,0,0,0,0,0.0345701,1.21254,0.000989184
14,0,327,13,0,0,0,0,0.0435294,1.75323,0.000989184
14,0,281,13,0,0,0,0,0.0402918,1.75089,0.000989184
14,0,397,14,0,0,0,0,0.0479713,1.75323,0.000989184
14,0,543,12,0,0,0,0,0.0561172,2.51608,0.000989184
14,0,393,14,0,0,0,0,0.0477286,1.75323,0.000989184
14,0,267,12,0,0,0,0,0.0392732,1.75089,0.000989184
14,0,529,13,0,0,0,0,0.055388,2.51608,0.000989184
14,0,339,13,0,0,0,0,0.0443224,1.75323,0.000989184
14,0,153,11,0,0,0,0,0.0297093,1.21254,0.000989184
14,0,441,14,0,0,0,0,0.0505643,1.75323,0.000989184
14,0,411,13,0,0,0,0,0.0488113,1.75323,0.000989184
14,0,691,14,0,0,0,0,0.0633154,2.51608,0.000989184
14,0,611,14,0,0,0,0,0.0595325,2.51608,0.000989184
14,0,329,14,0,0,0,0,0.0436626,1.75323,0.000989184
15,0,243,13,0,0,0,0,0.0387805,1.34503,0.00151549
15,0,395,15,0,0,0,0,0.0495325,1.94472,0.00151549
15,0,749,13,0,0,0,0,0.0682393,2.7908,0.00151549
15,0,1021,15,0,0,0,0,0.0797926,2.79452,0.00151549
15,0,215,11,0,0,0,0,0.0364729,1.34503,0.00151549
15,0,417,15,0,0,0,0,0.0508955,1.94472,0.00151549
15,0,289,14,0,0,0,0,0.0423561,1.94472,0.00151549
15,0,363,14,0,0,0,0,0.0474803,1.94472,0.00151549
15,0,435,15,0,0,0,0,0.0519841,1.94472,0.00151549
15,0,635,15,0,0,0,0,0.0628253,2.7908,0.00151549
15,0,737,15,0,0,0,0,0.0676898,2.7908,0.00151549
15,0,785,15,0,0,0,0,0.069862,2.7908,0.00151549
15,0,345,14,0,0,0,0,0.046286,1.94472,0.00151549
15,0,687,15,0,0,0,0,0.0653504,2.7908,0.00151549
15,0,339,13,0,0,0,0,0.045881,1.94472,0.00151549
15,0,675,14,0,0,0,0,0.0647764,2.7908,0.00151549
15,0,365,13,0,0,0,0,0.0476111,1.94472,0.00151549
15,0,425,15,0,0,0,0,0.0513822,1.94472,0.00151549
15,0,651,15,0,0,0,0,0.0636129,2.7908,0.00151549
15,0,511,11,0,0,0,0,0.0563496,1.94472,0.00151549
15,0,421,15,0,0,0,0,0.0511394,1.94472,0.00151549
15,0,525,15,0,0,0,0,0.0571175,2.7908,0.00151549
15,0,381,15,0,0,0,0,0.0486453,1.94472,0.00151549
15,0,177,12,0,0,0,0,0.0330855,1.34503,0.00151549
15,0,553,14,0,0,0,0,0.058623,2.7908,0.00151549
15,0,271,11,0,0,0,0,0.0409585,1.94213,0.00151549
15,0,553,15,0,0,0,0,0.058623,2.7908,0.00151549
15,0,705,15,0,0,0,0,0.0662021,2.7908,0.00151549
15,0,451,13,0,0,0,0,0.0529331,1.94472,0.00151549
15,0,667,13,0,0,0,0,0.0643909,2.7908,0.00151549
16,0,423,15,0,0,0,0,0.0529448,2.14274,0.00214323
16,0,503,14,0,0,0,0,0.0577424,2.14274,0.00214323
16,0,1895,16,0,0,0,0,0.112306,4.39949,0.00214323
16,0,715,16,0,0,0,0,0.0688599,3.07485,0.00214323
16,0,691,15,0,0,0,0,0.0676929,3.07485,0.00214323
16,0,235,12,0,0,0,0,0.0393888,1.48204,0.00214323
16,0,965,16,0,0,0,0,0.080118,3.07895,0.00214323
16,0,953,15,0,0,0,0,0.0796177,3.07895,0.00214323
16,0,917,16,0,0,0,0,0.0780978,3.07895,0.00214323
16,0,521,15,0,0,0,0,0.058768,3.07485,0.00214323
16,0,971,16,0,0,0,0,0.0803669,3.07895,0.00214323
16,0,341,12,0,0,0,0,0.0475283,2.14274,0.00214323
16,0,685,16,0,0,0,0,0.067398,3.07485,0.00214323
16,0,1173,15,0,0,0,0,0.0883401,4.39949,0.00214323
16,0,779,14,0,0,0,0,0.0718794,3.07485,0.00214323
16,0,653,16,0,0,0,0,0.0658029,3.07485,0.00214323
16,0,1023,15,0,0,0,0,0.082493,3.07895,0.00214323
16,0,805,15,0,0,0,0,0.0730705,3.07485,0.00214323
16,0,791,15,0,0,0,0,0.0724315,3.07485,0.00214323
16,0,689,15,0,0,0,0,0.0675947,3.07485,0.00214323
16,0,957,15,0,0,0,0,0.0797848,3.07895,0.00214323
16,0,293,11,0,0,0,0,0.0440502,2.14274,0.00214323
16,0,489,15,0,0,0,0,0.056932,2.14274,0.00214323
16,0,1081,15,0,0,0,0,0.0848017,4.39949,0.00214323
16,0,397,14,0,0,0,0,0.0512893,2.14274,0.00214323
16,0,285,12,0,0,0,0,0.0434436,2.14274,0.00214323
16,0,719,15,0,0,0,0,0.0690524,3.07485,0.00214323
16,0,715,16,0,0,0,0,0.0688599,3.07485,0.00214323
16,0,807,16,0,0,0,0,0.0731613,3.07485,0.00214323
16,0,721,16,0,0,0,0,0.0691485,3.07485,0.00214323
17,0,951,16,0,0,0,0,0.0837311,3.4443,0.00326414
17,0,311,14,0,0,0,0,0.0477832,2.39713,0.00326414
17,0,705,16,0,0,0,0,0.0719866,3.43981,0.00326414
17,0,1303,17,0,0,0,0,0.0980245,4.9214,0.00326414
17,0,701,15,0,0,0,0,0.0717819,3.43981,0.00326414
17,0,693,17,0,0,0,0,0.0713706,3.43981,0.00326414
17,0,619,13,0,0,0,0,0.0674478,3.43981,0.00326414
17,0,791,17,0,0,0,0,0.0762561,3.43981,0.00326414
17,0,769,14,0,0,0,0,0.075187,3.43981,0.00326414
17,0,1065,16,0,0,0,0,0.0886127,4.9214,0.00326414
17,0,945,16,0,0,0,0,0.0834663,3.4443,0.00326414
17,0,1409,14,0,0,0,0,0.101937,4.9214,0.00326414
17,0,865,15,0,0,0,0,0.0798514,3.4443,0.00326414
17,0,1245,17,0,0,0,0,0.095816,4.9214,0.00326414
17,0,495,15,0,0,0,0,0.0603058,2.39713,0.00326414
17,0,531,15,0,0,0,0,0.0624634,3.43981,0.00326414
17,0,851,14,0,0,0,0,0.0792019,3.4443,0.00326414
17,0,395,15,0,0,0,0,0.0538618,2.39713,0.00326414
17,0,819,15,0,0,0,0,0.0776969,3.4443,0.00326414
17,0,987,17,0,0,0,0,0.0853028,3.4443,0.00326414
17,0,735,15,0,0,0,0,0.0735041,3.43981,0.00326414
17,0,1143,17,0,0,0,0,0.0918035,4.9214,0.00326414
17,0,471,17,0,0,0,0,0.0588236,2.39713,0.00326414
17,0,839,17,0,0,0,0,0.0786409,3.4443,0.00326414
17,0,1135,15,0,0,0,0,0.0914814,4.9214,0.00326414
17,0,317,13,0,0,0,0,0.0482427,2.39713,0.00326414
17,0,681,16,0,0,0,0,0.0707492,3.43981,0.00326414
17,0,1121,16,0,0,0,0,0.0909149,4.9214,0.00326414
17,0,685,16,0,0,0,0,0.070957,3.43981,0.00326414
17,0,491,15,0,0,0,0,0.0600613,2.39713,0.00326414
18,0,1165,15,0,0,0,0,0.0953732,5.3624,0.00461619
18,0,865,17,0,0,0,0,0.082169,3.75302,0.00461619
18,0,569,17,0,0,0,0,0.06654,3.74813,0.00461619
18,0,595,17,0,0,0,0,0.0680452,3.74813,0.00461619
18,0,1223,18,0,0,0,0,0.0977206,5.3624,0.00461619
18,0,1323,16,0,0,0,0,0.101641,5.3624,0.00461619
18,0,911,16,0,0,0,0,0.0843278,3.75302,0.00461619
18,0,881,18,0,0,0,0,0.0829262,3.75302,0.00461619
18,0,1087,15,0,0,0,0,0.0921222,5.3624,0.00461619
18,0,785,18,0,0,0,0,0.078273,3.75302,0.00461619
18,0,895,17,0,0,0,0,0.0835832,3.75302,0.00461619
18,0,2127,18,0,0,0,0,0.128899,7.63906,0.00461619
18,0,1605,16,0,0,0,0,0.111959,5.3624,0.00461619
18,0,1195,18,0,0,0,0,0.0965945,5.3624,0.00461619
18,0,1165,18,0,0,0,0,0.0953732,5.3624,0.00461619
18,0,779,18,0,0,0,0,0.0779729,3.75302,0.00461619
18,0,1031,18,0,0,0,0,0.0897155,5.3624,0.00461619
18,0,1363,15,0,0,0,0,0.103167,5.3624,0.00461619
18,0,1285,18,0,0,0,0,0.100169,5.3624,0.00461619
18,0,667,17,0,0,0,0,0.0720498,3.74813,0.00461619
18,0,595,13,0,0,0,0,0.0680452,3.74813,0.00461619
18,0,967,17,0,0,0,0,0.0868836,3.75302,0.00461619
18,0,955,16,0,0,0,0,0.0863423,3.75302,0.00461619
18,0,897,16,0,0,0,0,0.0836767,3.75302,0.00461619
18,0,1019,18,0,0,0,0,0.0891914,3.75302,0.00461619
18,0,773,18,0,0,0,0,0.0776717,3.75302,0.00461619
18,0,1941,18,0,0,0,0,0.12313,5.3624,0.00461619
18,0,1433,17,0,0,0,0,0.105785,5.3624,0.00461619
18,0,1033,15,0,0,0,0,0.0898026,5.3624,0.00461619
18,0,511,16,0,0,0,0,0.063053,2.61206,0.00461619
19,0,277,14,0,0,0,0,0.0476744,2.83307,0.00652828
19,0,717,17,0,0,0,0,0.0767541,4.06516,0.00652828
19,0,2365,17,0,0,0,0,0.139651,8.28489,0.00652828
19,0,1283,17,0,0,0,0,0.102836,5.81586,0.00652828
19,0,1805,19,0,0,0,0,0.121991,5.81586,0.00652828
19,0,1369,18,0,0,0,0,0.10623,5.81586,0.00652828
19,0,1095,18,0,0,0,0,0.0949969,5.81586,0.00652828
19,0,1195,18,0,0,0,0,0.0992438,5.81586,0.00652828
19,0,2121,19,0,0,0,0,0.132247,8.28489,0.00652828
19,0,1597,19,0,0,0,0,0.114742,5.81586,0.00652828
19,0,1413,18,0,0,0,0,0.107925,5.81586,0.00652828
19,0,933,18,0,0,0,0,0.0876819,4.07047,0.00652828
19,0,1371,14,0,0,0,0,0.106307,5.81586,0.00652828
19,0,2327,19,0,0,0,0,0.138524,8.28489,0.00652828
19,0,1523,18,0,0,0,0,0.11205,5.81586,0.00652828
19,0,1395,19,0,0,0,0,0.107235,5.81586,0.00652828
19,0,847,18,0,0,0,0,0.0835391,4.07047,0.00652828
19,0,433,13,0,0,0,0,0.0596274,2.83307,0.00652828
19,0,1973,18,0,0,0,0,0.127546,5.81586,0.00652828
19,0,1025,16,0,0,0,0,0.0919075,5.81586,0.00652828
19,0,1947,18,0,0,0,0,0.126702,5.81586,0.00652828
19,0,1795,19,0,0,0,0,0.121653,5.81586,0.00652828
19,0,767,16,0,0,0,0,0.0794919,4.07047,0.00652828
19,0,1069,16,0,0,0,0,0.0938613,5.81586,0.00652828
19,0,993,17,0,0,0,0,0.0904601,4.07047,0.00652828
19,0,1917,19,0,0,0,0,0.125722,5.81586,0.00652828
19,0,1449,17,0,0,0,0,0.109292,5.81586,0.00652828
19,0,1267,18,0,0,0,0,0.102192,5.81586,0.00652828
19,0,1895,19,0,0,0,0,0.124998,5.81586,0.00652828
19,0,849,19,0,0,0,0,0.0836377,4.07047,0.00652828
20,0,933,17,0,0,0,0,0.089962,4.3964,0.00923238
20,0,303,16,0,0,0,0,0.0511632,3.06,0.00923238
20,0,1763,18,0,0,0,0,0.123697,6.28143,0.00923238
20,0,2155,19,0,0,0,0,0.136768,8.94798,0.00923238
20,0,2447,19,0,0,0,0,0.145936,8.95964,0.00923238
20,0,807,19,0,0,0,0,0.0836611,4.3964,0.00923238
20,0,1817,18,0,0,0,0,0.125578,6.28143,0.00923238
20,0,897,19,0,0,0,0,0.0882076,4.3964,0.00923238
20,0,2375,19,0,0,0,0,0.143772,8.95964,0.00923238
20,0,1429,20,0,0,0,0,0.111356,6.28143,0.00923238
20,0,2185,19,0,0,0,0,0.137718,8.94798,0.00923238
20,0,1151,19,0,0,0,0,0.0999304,6.28143,0.00923238
20,0,1615,18,0,0,0,0,0.118387,6.28143,0.00923238
20,0,1511,20,0,0,0,0,0.114509,6.28143,0.00923238
20,0,2339,19,0,0,0,0,0.142677,8.95964,0.00923238
20,0,3021,20,0,0,0,0,0.162161,8.95964,0.00923238
20,0,2015,19,0,0,0,0,0.132248,6.28143,0.00923238
20,0,2239,20,0,0,0,0,0.13941,8.94798,0.00923238
20,0,1107,19,0,0,0,0,0.0980001,6.28143,0.00923238
20,0,945,20,0,0,0,0,0.0905392,4.3964,0.00923238
20,0,1251,20,0,0,0,0,0.104185,6.28143,0.00923238
20,0,1241,18,0,0,0,0,0.103767,6.28143,0.00923238
20,0,2611,17,0,0,0,0,0.15075,8.95964,0.00923238
20,0,1061,17,0,0,0,0,0.0959405,6.28143,0.00923238
20,0,1145,20,0,0,0,0,0.0996694,6.28143,0.00923238
20,0,619,16,0,0,0,0,0.0731647,4.39067,0.00923238
20,0,2377,19,0,0,0,0,0.143832,8.95964,0.00923238
20,0,1069,19,0,0,0,0,0.0963019,6.28143,0.00923238
20,0,2433,20,0,0,0,0,0.145518,8.95964,0.00923238
20,0,3375,20,0,0,0,0,0.171404,8.95964,0.00923238
21,0,4191,20,0,0,0,0,0.195733,13.704,0.0130566
21,0,3327,20,0,0,0,0,0.174385,9.64043,0.0130566
21,0,1457,18,0,0,0,0,0.115222,6.75881,0.0130566
21,0,1915,20,0,0,0,0,0.132109,6.75881,0.0130566
21,0,909,21,0,0,0,0,0.0909912,4.73061,0.0130566
21,0,1387,19,0,0,0,0,0.112418,6.75881,0.0130566
21,0,1287,21,0,0,0,0,0.108286,6.75881,0.0130566
21,0,2157,21,0,0,0,0,0.140213,9.62788,0.0130566
21,0,1273,20,0,0,0,0,0.107695,6.75881,0.0130566
21,0,1947,21,0,0,0,0,0.133209,6.75881,0.0130566
21,0,2723,19,0,0,0,0,0.157755,9.64043,0.0130566
21,0,2251,20,0,0,0,0,0.143424,9.64043,0.0130566
21,0,3429,21,0,0,0,0,0.177039,9.64043,0.0130566
21,0,797,16,0,0,0,0,0.0851959,4.73061,0.0130566
21,0,1099,18,0,0,0,0,0.100059,6.75881,0.0130566
21,0,1347,15,0,0,0,0,0.110784,6.75881,0.0130566
21,0,1835,20,0,0,0,0,0.129318,6.75881,0.0130566
21,0,2203,17,0,0,0,0,0.141886,9.64043,0.0130566
21,0,1695,19,0,0,0,0,0.124284,6.75881,0.0130566
21,0,3189,21,0,0,0,0,0.170728,9.64043,0.0130566
21,0,1725,19,0,0,0,0,0.125379,6.75881,0.0130566
21,0,1475,21,0,0,0,0,0.115932,6.75881,0.0130566
21,0,3655,21,0,0,0,0,0.182783,9.64043,0.0130566
21,0,2413,19,0,0,0,0,0.148499,9.64043,0.0130566
21,0,1469,20,0,0,0,0,0.115696,6.75881,0.0130566
21,0,1737,20,0,0,0,0,0.125815,6.75881,0.0130566
21,0,2733,18,0,0,0,0,0.158045,9.64043,0.0130566
21,0,1929,19,0,0,0,0,0.132591,6.75881,0.0130566
21,0,1629,17,0,0,0,0,0.121838,6.75881,0.0130566
21,0,1945,21,0,0,0,0,0.13314,6.75881,0.0130566
22,0,2273,22,0,0,0,0,0.147518,10.3376,0.0184648
22,0,2941,21,0,0,0,0,0.167812,10.3376,0.0184648
22,0,2515,19,0,0,0,0,0.155176,10.3376,0.0184648
22,0,1109,21,0,0,0,0,0.102881,7.24772,0.0184648
22,0,2981,21,0,0,0,0,0.16895,10.3376,0.0184648
22,0,1723,19,0,0,0,0,0.128257,7.24772,0.0184648
22,0,993,20,0,0,0,0,0.0973467,5.07289,0.0184648
22,0,3659,22,0,0,0,0,0.187189,10.3376,0.0184648
22,0,3221,21,0,0,0,0,0.175623,10.3376,0.0184648
22,0,1583,18,0,0,0,0,0.122933,7.24772,0.0184648
22,0,3817,21,0,0,0,0,0.19119,10.3376,0.0184648
22,0,1599,19,0,0,0,0,0.123553,7.24772,0.0184648
22,0,3011,21,0,0,0,0,0.169798,10.3376,0.0184648
22,0,3369,22,0,0,0,0,0.179614,10.3376,0.0184648
22,0,1239,17,0,0,0,0,0.108748,7.24772,0.0184648
22,0,2333,22,0,0,0,0,0.149453,10.3376,0.0184648
22,0,3375,21,0,0,0,0,0.179774,10.3376,0.0184648
22,0,4447,22,0,0,0,0,0.206372,14.6949,0.0184648
22,0,1417,22,0,0,0,0,0.116304,7.24772,0.0184648
22,0,2523,20,0,0,0,0,0.155423,10.3376,0.0184648
22,0,2299,21,0,0,0,0,0.148359,10.3376,0.0184648
22,0,2497,22,0,0,0,0,0.15462,10.3376,0.0184648
22,0,3663,20,0,0,0,0,0.187291,10.3376,0.0184648
22,0,1809,21,0,0,0,0,0.131422,7.24772,0.0184648
22,0,1411,16,0,0,0,0,0.116057,7.24772,0.0184648
22,0,2163,18,0,0,0,0,0.143902,10.3376,0.0184648
22,0,3489,22,0,0,0,0,0.182787,10.3376,0.0184648
22,0,2877,22,0,0,0,0,0.165975,10.3376,0.0184648
22,0,3817,22,0,0,0,0,0.19119,10.3376,0.0184648
22,0,5379,21,0,0,0,0,0.226979,14.6949,0.0184648
23,0,3459,22,0,0,0,0,0.186091,11.0509,0.0261131
23,0,1773,22,0,0,0,0,0.133032,7.74789,0.0261131
23,0,3081,22,0,0,0,0,0.175624,11.0509,0.0261131
23,0,5389,22,0,0,0,0,0.232298,15.7087,0.0261131
23,0,3679,21,0,0,0,0,0.19192,11.0509,0.0261131
23,0,5913,22,0,0,0,0,0.243334,15.7087,0.0261131
23,0,2737,20,0,0,0,0,0.165524,11.0509,0.0261131
23,0,3185,19,0,0,0,0,0.178565,11.0509,0.0261131
23,0,2897,23,0,0,0,0,0.170296,11.0509,0.0261131
23,0,1495,22,0,0,0,0,0.122151,7.74789,0.0261131
23,0,2417,20,0,0,0,0,0.155542,11.0509,0.0261131
23,0,6111,23,0,0,0,0,0.247376,15.7087,0.0261131
23,0,3949,23,0,0,0,0,0.198841,11.0509,0.0261131
23,0,2419,20,0,0,0,0,0.155607,11.0509,0.0261131
23,0,4899,19,0,0,0,0,0.221481,15.7087,0.0261131
23,0,1881,17,0,0,0,0,0.137027,7.74789,0.0261131
23,0,3489,20,0,0,0,0,0.186897,11.0509,0.0261131
23,0,2049,22,0,0,0,0,0.143206,11.0509,0.0261131
23,0,5183,21,0,0,0,0,0.227813,15.7087,0.0261131
23,0,2621,22,0,0,0,0,0.161977,11.0509,0.0261131
23,0,2457,23,0,0,0,0,0.156825,11.0509,0.0261131
23,0,2293,19,0,0,0,0,0.151498,11.0509,0.0261131
23,0,2345,22,0,0,0,0,0.153207,11.0509,0.0261131
23,0,4233,23,0,0,0,0,0.20587,15.7087,0.0261131
23,0,5931,23,0,0,0,0,0.243704,15.7087,0.0261131
23,0,4049,23,0,0,0,0,0.201344,11.0509,0.0261131
23,0,1973,20,0,0,0,0,0.14034,7.74789,0.0261131
23,0,1241,21,0,0,0,0,0.111284,7.74789,0.0261131
23,0,3225,21,0,0,0,0,0.179683,11.0509,0.0261131
23,0,3751,21,0,0,0,0,0.19379,11.0509,0.0261131
24,0,3393,23,0,0,0,0,0.188272,11.7799,0.0369295
24,0,4475,23,0,0,0,0,0.216231,16.7447,0.0369295
24,0,3231,23,0,0,0,0,0.183721,11.7799,0.0369295
24,0,7811,24,0,0,0,0,0.286076,16.7665,0.0369295
24,0,9685,24,0,0,0,0,0.31856,23.7979,0.0369295
24,0,4889,20,0,0,0,0,0.226015,16.7447,0.0369295
24,0,4133,23,0,0,0,0,0.2078,16.7447,0.0369295
24,0,6363,22,0,0,0,0,0.258193,16.7665,0.0369295
24,0,1473,20,0,0,0,0,0.123858,8.25908,0.0369295
24,0,3405,23,0,0,0,0,0.188605,11.7799,0.0369295
24,0,6483,22,0,0,0,0,0.260617,16.7665,0.0369295
24,0,2683,23,0,0,0,0,0.167409,11.7799,0.0369295
24,0,4395,21,0,0,0,0,0.214288,16.7447,0.0369295
24,0,9123,23,0,0,0,0,0.309177,23.7979,0.0369295
24,0,5741,24,0,0,0,0,0.244926,16.7447,0.0369295
24,0,2415,23,0,0,0,0,0.158824,11.7799,0.0369295
24,0,4397,21,0,0,0,0,0.214337,16.7447,0.0369295
24,0,2177,18,0,0,0,0,0.15079,11.7799,0.0369295
24,0,4343,22,0,0,0,0,0.213016,16.7447,0.0369295
24,0,6511,23,0,0,0,0,0.26118,16.7665,0.0369295
24,0,3255,21,0,0,0,0,0.184402,11.7799,0.0369295
24,0,3041,21,0,0,0,0,0.178234,11.7799,0.0369295
24,0,3535,21,0,0,0,0,0.192173,11.7799,0.0369295
24,0,2243,21,0,0,0,0,0.15306,11.7799,0.0369295
24,0,2459,22,0,0,0,0,0.160265,11.7799,0.0369295
24,0,6589,23,0,0,0,0,0.26274,16.7665,0.0369295
24,0,3915,24,0,0,0,0,0.202243,11.7799,0.0369295
24,0,10753,24,0,0,0,0,0.33567,23.7979,0.0369295
24,0,3657,23,0,0,0,0,0.195463,11.7799,0.0369295
24,0,4517,23,0,0,0,0,0.217243,16.7447,0.0369295
25,0,1931,22,0,0,0,0,0.14494,8.7925,0.0522263
25,0,6599,24,0,0,0,0,0.268363,17.8258,0.0522263
25,0,2579,21,0,0,0,0,0.167517,12.5242,0.0522263
25,0,7961,22,0,0,0,0,0.294768,17.8258,0.0522263
25,0,4461,21,0,0,0,0,0.220346,17.8026,0.0522263
25,0,2263,21,0,0,0,0,0.156914,12.5242,0.0522263
25,0,4153,25,0,0,0,0,0.2126,17.8026,0.0522263
25,0,8409,22,0,0,0,0,0.302951,25.3012,0.0522263
25,0,12089,24,0,0,0,0,0.363259,25.3012,0.0522263
25,0,11817,25,0,0,0,0,0.359148,25.3012,0.0522263
25,0,3053,24,0,0,0,0,0.18227,12.5242,0.0522263
25,0,4891,23,0,0,0,0,0.230725,17.8026,0.0522263
25,0,6931,21,0,0,0,0,0.275033,17.8258,0.0522263
25,0,4763,25,0,0,0,0,0.227685,17.8026,0.0522263
25,0,2677,21,0,0,0,0,0.170672,12.5242,0.0522263
25,0,1823,19,0,0,0,0,0.140643,8.78106,0.0522263
25,0,8503,24,0,0,0,0,0.30464,25.3012,0.0522263
25,0,3277,24,0,0,0,0,0.188842,12.5242,0.0522263
25,0,4091,23,0,0,0,0,0.211006,12.5242,0.0522263
25,0,5119,23,0,0,0,0,0.236044,17.8026,0.0522263
25,0,5925,21,0,0,0,0,0.253954,17.8026,0.0522263
25,0,11285,22,0,0,0,0,0.350969,25.3012,0.0522263
25,0,2931,24,0,0,0,0,0.178589,12.5242,0.0522263
25,0,8389,23,0,0,0,0,0.30259,25.3012,0.0522263
25,0,2523,25,0,0,0,0,0.165687,12.5242,0.0522263
25,0,5155,25,0,0,0,0,0.236872,17.8026,0.0522263
25,0,6575,20,0,0,0,0,0.267875,17.8258,0.0522263
25,0,3419,22,0,0,0,0,0.192891,12.5242,0.0522263
25,0,2929,24,0,0,0,0,0.178528,12.5242,0.0522263
25,0,9575,24,0,0,0,0,0.323279,25.3012,0.0522263
26,0,5247,23,0,0,0,0,0.243712,18.8819,0.0738591
26,0,9827,22,0,0,0,0,0.333994,26.8349,0.0738591
26,0,5729,21,0,0,0,0,0.254664,18.8819,0.0738591
26,0,18081,24,0,0,0,0,0.453075,38.0483,0.0738591
26,0,7451,25,0,0,0,0,0.290816,18.9065,0.0738591
26,0,4327,24,0,0,0,0,0.221309,18.8819,0.0738591
26,0,5655,22,0,0,0,0,0.253013,18.8819,0.0738591
26,0,9485,23,0,0,0,0,0.32813,26.8349,0.0738591
26,0,10873,26,0,0,0,0,0.351325,26.8349,0.0738591
26,0,8383,25,0,0,0,0,0.308474,26.8349,0.0738591
26,0,9601,25,0,0,0,0,0.33013,26.8349,0.0738591
26,0,7667,23,0,0,0,0,0.295003,18.9065,0.0738591
26,0,9063,23,0,0,0,0,0.320745,26.8349,0.0738591
26,0,5003,23,0,0,0,0,0.237976,18.8819,0.0738591
26,0,9919,25,0,0,0,0,0.335555,26.8349,0.0738591
26,0,4693,25,0,0,0,0,0.230482,18.8819,0.0738591
26,0,5633,26,0,0,0,0,0.252521,18.8819,0.0738591
26,0,8033,23,0,0,0,0,0.301964,18.9065,0.0738591
26,0,6835,25,0,0,0,0,0.278532,18.9065,0.0738591
26,0,6209,25,0,0,0,0,0.265467,18.9065,0.0738591
26,0,5107,24,0,0,0,0,0.240437,18.8819,0.0738591
26,0,6823,26,0,0,0,0,0.278287,18.9065,0.0738591
26,0,9549,24,0,0,0,0,0.329235,26.8349,0.0738591
26,0,9229,23,0,0,0,0,0.32367,26.8349,0.0738591
26,0,4539,25,0,0,0,0,0.226668,18.8819,0.0738591
26,0,6621,26,0,0,0,0,0.274136,18.9065,0.0738591
26,0,3135,23,0,0,0,0,0.188362,13.2836,0.0738591
26,0,6269,23,0,0,0,0,0.266747,18.9065,0.0738591
26,0,5141,23,0,0,0,0,0.241237,18.8819,0.0738591
26,0,3495,26,0,0,0,0,0.198889,13.2836,0.0738591
27,0,9317,26,0,0,0,0,0.331407,28.3985,0.104453
27,0,9663,26,0,0,0,0,0.337506,28.3985,0.104453
27,0,7501,24,0,0,0,0,0.297351,20.0082,0.104453
27,0,4079,25,0,0,0,0,0.218966,14.0578,0.104453
27,0,7303,23,0,0,0,0,0.293399,20.0082,0.104453
27,0,5847,23,0,0,0,0,0.262518,20.0082,0.104453
27,0,5703,24,0,0,0,0,0.259264,20.0082,0.104453
27,0,4337,21,0,0,0,0,0.225787,19.9822,0.104453
27,0,14083,27,0,0,0,0,0.407467,28.3985,0.104453
27,0,4607,26,0,0,0,0,0.232712,19.9822,0.104453
27,0,6423,26,0,0,0,0,0.275149,20.0082,0.104453
27,0,1977,25,0,0,0,0,0.152415,9.86934,0.104453
27,0,4845,25,0,0,0,0,0.238649,19.9822,0.104453
27,0,6307,26,0,0,0,0,0.272653,20.0082,0.104453
27,0,9763,24,0,0,0,0,0.339248,28.3985,0.104453
27,0,12045,27,0,0,0,0,0.376826,28.3985,0.104453
27,0,9405,25,0,0,0,0,0.332968,28.3985,0.104453
27,0,8995,25,0,0,0,0,0.325628,28.3985,0.104453
27,0,7575,23,0,0,0,0,0.298815,20.0082,0.104453
27,0,12441,27,0,0,0,0,0.382971,28.3985,0.104453
27,0,8771,25,0,0,0,0,0.321547,28.3985,0.104453
27,0,10319,26,0,0,0,0,0.348777,28.3985,0.104453
27,0,9481,25,0,0,0,0,0.334311,28.3985,0.104453
27,0,13513,27,0,0,0,0,0.399134,28.3985,0.104453
27,0,10121,25,0,0,0,0,0.345414,28.3985,0.104453
27,0,13235,27,0,0,0,0,0.395006,28.3985,0.104453
27,0,5469,26,0,0,0,0,0.253558,19.9822,0.104453
27,0,25361,25,0,0,0,0,0.54754,40.3174,0.104453
27,0,11235,26,0,0,0,0,0.363932,28.3985,0.104453
27,0,4787,24,0,0,0,0,0.237216,19.9822,0.104453
28,0,4659,25,0,0,0,0,0.238318,21.1031,0.147718
28,0,13351,28,0,0,0,0,0.404015,29.9912,0.147718
28,0,6981,25,0,0,0,0,0.292121,21.1305,0.147718
28,0,16415,28,0,0,0,0,0.447992,42.5232,0.147718
28,0,10133,27,0,0,0,0,0.351962,29.9912,0.147718
28,0,17691,28,0,0,0,0,0.465082,42.5232,0.147718
28,0,10853,26,0,0,0,0,0.364255,29.9912,0.147718
28,0,23681,28,0,0,0,0,0.538802,42.5785,0.147718
28,0,5471,24,0,0,0,0,0.258596,21.1305,0.147718
28,0,8109,27,0,0,0,0,0.314846,21.1305,0.147718
28,0,16759,24,0,0,0,0,0.452663,42.5232,0.147718
28,0,20327,27,0,0,0,0,0.499183,42.5785,0.147718
28,0,2657,21,0,0,0,0,0.179951,14.8465,0.147718
28,0,11575,25,0,0,0,0,0.376179,29.9912,0.147718
28,0,7397,28,0,0,0,0,0.300702,21.1305,0.147718
28,0,11023,25,0,0,0,0,0.367097,29.9912,0.147718
28,0,4425,24,0,0,0,0,0.232254,21.1031,0.147718
28,0,17141,27,0,0,0,0,0.457794,42.5232,0.147718
28,0,14939,27,0,0,0,0,0.427373,29.9912,0.147718
28,0,29645,27,0,0,0,0,0.602854,42.5785,0.147718
28,0,6855,25,0,0,0,0,0.289472,21.1305,0.147718
28,0,9961,27,0,0,0,0,0.348961,29.9912,0.147718
28,0,6715,25,0,0,0,0,0.2865,21.1305,0.147718
28,0,10633,25,0,0,0,0,0.360543,29.9912,0.147718
28,0,18191,26,0,0,0,0,0.472223,42.5785,0.147718
28,0,8277,28,0,0,0,0,0.318091,29.9912,0.147718
28,0,11879,27,0,0,0,0,0.381088,29.9912,0.147718
28,0,7125,25,0,0,0,0,0.29512,21.1305,0.147718
28,0,7083,23,0,0,0,0,0.294248,21.1305,0.147718
28,0,8161,27,0,0,0,0,0.315854,21.1305,0.147718
29,0,20707,26,0,0,0,0,0.512748,44.8803,0.208905
29,0,12265,27,0,0,0,0,0.394087,31.6128,0.208905
29,0,17021,27,0,0,0,0,0.464265,44.822,0.208905
29,0,16371,28,0,0,0,0,0.455312,31.6128,0.208905
29,0,16835,29,0,0,0,0,0.461721,44.822,0.208905
29,0,10613,25,0,0,0,0,0.366581,31.6128,0.208905
29,0,36701,28,0,0,0,0,0.682657,63.5864,0.208905
29,0,19861,29,0,0,0,0,0.502162,44.8803,0.208905
29,0,23073,28,0,0,0,0,0.541254,44.8803,0.208905
29,0,33723,27,0,0,0,0,0.654372,63.5864,0.208905
29,0,15857,28,0,0,0,0,0.448106,31.6128,0.208905
29,0,6267,23,0,0,0,0,0.281676,22.2731,0.208905
29,0,11787,29,0,0,0,0,0.38633,31.6128,0.208905
29,0,22575,27,0,0,0,0,0.53538,44.8803,0.208905
29,0,17937,27,0,0,0,0,0.477216,44.8803,0.208905
29,0,6085,21,0,0,0,0,0.277554,22.2731,0.208905
29,0,22097,28,0,0,0,0,0.529681,44.8803,0.208905
29,0,20209,25,0,0,0,0,0.506543,44.8803,0.208905
29,0,7133,28,0,0,0,0,0.300514,22.2731,0.208905
29,0,38751,28,0,0,0,0,0.701466,63.5864,0.208905
29,0,27933,29,0,0,0,0,0.595545,44.8803,0.208905
29,0,17043,29,0,0,0,0,0.464565,44.822,0.208905
29,0,9205,26,0,0,0,0,0.341394,31.6128,0.208905
29,0,13771,29,0,0,0,0,0.417587,31.6128,0.208905
29,0,19317,27,0,0,0,0,0.495236,44.8803,0.208905
29,0,29743,29,0,0,0,0,0.61454,44.8803,0.208905
29,0,16579,25,0,0,0,0,0.458196,44.822,0.208905
29,0,4157,26,0,0,0,0,0.229094,22.2442,0.208905
29,0,12587,28,0,0,0,0,0.399228,31.6128,0.208905
29,0,20647,27,0,0,0,0,0.512004,44.8803,0.208905
30,0,8595,28,0,0,0,0,0.335526,33.2625,0.316539
30,0,52451,29,0,0,0,0,0.830065,66.9043,0.316539
30,0,11719,28,0,0,0,0,0.3918,33.2625,0.316539
30,0,25241,29,0,0,0,0,0.575796,47.2222,0.316539
30,0,8747,27,0,0,0,0,0.338481,33.2625,0.316539
30,0,14353,29,0,0,0,0,0.433611,33.2625,0.316539
30,0,12603,27,0,0,0,0,0.406312,33.2625,0.316539
30,0,14245,25,0,0,0,0,0.431976,33.2625,0.316539
30,0,20405,27,0,0,0,0,0.517697,47.2222,0.316539
30,0,13303,28,0,0,0,0,0.417446,33.2625,0.316539
30,0,11467,25,0,0,0,0,0.387564,33.2625,0.316539
30,0,17227,30,0,0,0,0,0.47567,47.2222,0.316539
30,0,26253,30,0,0,0,0,0.587227,47.2222,0.316539
30,0,13803,28,0,0,0,0,0.42522,33.2625,0.316539
30,0,9675,23,0,0,0,0,0.355988,33.2625,0.316539
30,0,51359,29,0,0,0,0,0.821378,66.9043,0.316539
30,0,28753,30,0,0,0,0,0.614555,47.2222,0.316539
30,0,11353,29,0,0,0,0,0.385632,33.2625,0.316539
30,0,11923,30,0,0,0,0,0.395197,33.2625,0.316539
30,0,20883,28,0,0,0,0,0.523727,47.2222,0.316539
30,0,31917,29,0,0,0,0,0.647491,47.2222,0.316539
30,0,17343,29,0,0,0,0,0.477269,47.2222,0.316539
30,0,12247,23,0,0,0,0,0.400531,33.2625,0.316539
30,0,14113,30,0,0,0,0,0.42997,33.2625,0.316539
30,0,9127,29,0,0,0,0,0.345757,33.2625,0.316539
30,0,16283,28,0,0,0,0,0.461851,33.2625,0.316539
30,0,46309,29,0,0,0,0,0.779947,66.9043,0.316539
30,0,32565,30,0,0,0,0,0.654031,47.2222,0.316539
30,0,14483,28,0,0,0,0,0.435571,33.2625,0.316539
30,0,9073,26,0,0,0,0,0.344732,33.2625,0.316539
